"munid";"name";"cantid"
1;"Aeugst am Albis";1
2;"Affoltern am Albis";1
3;"Bonstetten";1
4;"Hausen am Albis";1
5;"Hedingen";1
6;"Kappel am Albis";1
7;"Knonau";1
8;"Maschwanden";1
9;"Mettmenstetten";1
10;"Obfelden";1
11;"Ottenbach";1
12;"Rifferswil";1
13;"Stallikon";1
14;"Wettswil am Albis";1
21;"Adlikon";1
22;"Benken (ZH)";1
23;"Berg am Irchel";1
24;"Buch am Irchel";1
25;"Dachsen";1
26;"Dorf";1
27;"Feuerthalen";1
28;"Flaach";1
29;"Flurlingen";1
30;"Andelfingen";1
31;"Henggart";1
32;"Humlikon";1
33;"Kleinandelfingen";1
34;"Laufen-Uhwiesen";1
35;"Marthalen";1
36;"Oberstammheim";1
37;"Ossingen";1
38;"Rheinau";1
39;"Thalheim an der Thur";1
40;"Trüllikon";1
41;"Truttikon";1
42;"Unterstammheim";1
43;"Volken";1
44;"Waltalingen";1
51;"Bachenbülach";1
52;"Bassersdorf";1
53;"Bülach";1
54;"Dietlikon";1
55;"Eglisau";1
56;"Embrach";1
57;"Freienstein-Teufen";1
58;"Glattfelden";1
59;"Hochfelden";1
60;"Höri";1
61;"Hüntwangen";1
62;"Kloten";1
63;"Lufingen";1
64;"Nürensdorf";1
65;"Oberembrach";1
66;"Opfikon";1
67;"Rafz";1
68;"Rorbas";1
69;"Wallisellen";1
70;"Wasterkingen";1
71;"Wil (ZH)";1
72;"Winkel";1
81;"Bachs";1
82;"Boppelsen";1
83;"Buchs (ZH)";1
84;"Dällikon";1
85;"Dänikon";1
86;"Dielsdorf";1
87;"Hüttikon";1
88;"Neerach";1
89;"Niederglatt";1
90;"Niederhasli";1
91;"Niederweningen";1
92;"Oberglatt";1
93;"Oberweningen";1
94;"Otelfingen";1
95;"Regensberg";1
96;"Regensdorf";1
97;"Rümlang";1
98;"Schleinikon";1
99;"Schöfflisdorf";1
100;"Stadel";1
101;"Steinmaur";1
102;"Weiach";1
111;"Bäretswil";1
112;"Bubikon";1
113;"Dürnten";1
114;"Fischenthal";1
115;"Gossau (ZH)";1
116;"Grüningen";1
117;"Hinwil";1
118;"Rüti (ZH)";1
119;"Seegräben";1
120;"Wald (ZH)";1
121;"Wetzikon (ZH)";1
131;"Adliswil";1
132;"Hirzel";1
133;"Horgen";1
134;"Hütten";1
135;"Kilchberg (ZH)";1
136;"Langnau am Albis";1
137;"Oberrieden";1
138;"Richterswil";1
139;"Rüschlikon";1
140;"Schönenberg (ZH)";1
141;"Thalwil";1
142;"Wädenswil";1
151;"Erlenbach (ZH)";1
152;"Herrliberg";1
153;"Hombrechtikon";1
154;"Küsnacht (ZH)";1
155;"Männedorf";1
156;"Meilen";1
157;"Oetwil am See";1
158;"Stäfa";1
159;"Uetikon am See";1
160;"Zumikon";1
161;"Zollikon";1
171;"Bauma";1
172;"Fehraltorf";1
173;"Hittnau";1
174;"Illnau-Effretikon";1
175;"Kyburg";1
176;"Lindau";1
177;"Pfäffikon";1
178;"Russikon";1
179;"Sternenberg";1
180;"Weisslingen";1
181;"Wila";1
182;"Wildberg";1
191;"Dübendorf";1
192;"Egg";1
193;"Fällanden";1
194;"Greifensee";1
195;"Maur";1
196;"Mönchaltorf";1
197;"Schwerzenbach";1
198;"Uster";1
199;"Volketswil";1
200;"Wangen-Brüttisellen";1
211;"Altikon";1
212;"Bertschikon";1
213;"Brütten";1
214;"Dägerlen";1
215;"Dättlikon";1
216;"Dinhard";1
217;"Elgg";1
218;"Ellikon an der Thur";1
219;"Elsau";1
220;"Hagenbuch";1
221;"Hettlingen";1
222;"Hofstetten (ZH)";1
223;"Neftenbach";1
224;"Pfungen";1
225;"Rickenbach (ZH)";1
226;"Schlatt (ZH)";1
227;"Seuzach";1
228;"Turbenthal";1
229;"Wiesendangen";1
230;"Winterthur";1
231;"Zell (ZH)";1
241;"Aesch (ZH)";1
242;"Birmensdorf (ZH)";1
243;"Dietikon";1
244;"Geroldswil";1
245;"Oberengstringen";1
246;"Oetwil an der Limmat";1
247;"Schlieren";1
248;"Uitikon";1
249;"Unterengstringen";1
250;"Urdorf";1
251;"Weiningen (ZH)";1
261;"Zürich";1
301;"Aarberg";2
302;"Bargen (BE)";2
303;"Grossaffoltern";2
304;"Kallnach";2
305;"Kappelen";2
306;"Lyss";2
307;"Meikirch";2
309;"Radelfingen";2
310;"Rapperswil (BE)";2
311;"Schüpfen";2
312;"Seedorf (BE)";2
321;"Aarwangen";2
322;"Auswil";2
323;"Bannwil";2
324;"Bleienbach";2
325;"Busswil bei Melchnau";2
326;"Gondiswil";2
329;"Langenthal";2
331;"Lotzwil";2
332;"Madiswil";2
333;"Melchnau";2
334;"Obersteckholz";2
335;"Oeschenbach";2
336;"Reisiswil";2
337;"Roggwil (BE)";2
338;"Rohrbach";2
339;"Rohrbachgraben";2
340;"Rütschelen";2
341;"Schwarzhäusern";2
342;"Thunstetten";2
344;"Ursenbach";2
345;"Wynau";2
351;"Bern";2
352;"Bolligen";2
353;"Bremgarten bei Bern";2
354;"Kirchlindach";2
355;"Köniz";2
356;"Muri bei Bern";2
357;"Oberbalm";2
358;"Stettlen";2
359;"Vechigen";2
360;"Wohlen bei Bern";2
361;"Zollikofen";2
362;"Ittigen";2
363;"Ostermundigen";2
371;"Biel/Bienne";2
372;"Evilard";2
381;"Arch";2
382;"Büetigen";2
383;"Büren an der Aare";2
385;"Diessbach bei Büren";2
386;"Dotzigen";2
387;"Lengnau (BE)";2
388;"Leuzigen";2
389;"Meienried";2
390;"Meinisberg";2
391;"Oberwil bei Büren";2
392;"Pieterlen";2
393;"Rüti bei Büren";2
394;"Wengi";2
401;"Aefligen";2
402;"Alchenstorf";2
403;"Bäriswil";2
404;"Burgdorf";2
405;"Ersigen";2
406;"Hasle bei Burgdorf";2
407;"Heimiswil";2
408;"Hellsau";2
409;"Hindelbank";2
410;"Höchstetten";2
411;"Kernenried";2
412;"Kirchberg (BE)";2
413;"Koppigen";2
414;"Krauchthal";2
415;"Lyssach";2
416;"Mötschwil";2
417;"Niederösch";2
418;"Oberburg";2
419;"Oberösch";2
420;"Rüdtligen-Alchenflüh";2
421;"Rumendingen";2
422;"Rüti bei Lyssach";2
423;"Willadingen";2
424;"Wynigen";2
431;"Corgémont";2
432;"Cormoret";2
433;"Cortébert";2
434;"Courtelary";2
435;"La Ferrière";2
436;"La Heutte";2
437;"Mont-Tramelan";2
438;"Orvin";2
439;"Péry";2
440;"Plagne";2
441;"Renan (BE)";2
442;"Romont (BE)";2
443;"Saint-Imier";2
444;"Sonceboz-Sombeval";2
445;"Sonvilier";2
446;"Tramelan";2
447;"Vauffelin";2
448;"Villeret";2
491;"Brüttelen";2
492;"Erlach";2
493;"Finsterhennen";2
494;"Gals";2
495;"Gampelen";2
496;"Ins";2
497;"Lüscherz";2
498;"Müntschemier";2
499;"Siselen";2
500;"Treiten";2
501;"Tschugg";2
502;"Vinelz";2
532;"Bangerten";2
533;"Bätterkinden";2
534;"Büren zum Hof";2
535;"Deisswil bei Münchenbuchsee";2
536;"Diemerswil";2
537;"Etzelkofen";2
538;"Fraubrunnen";2
539;"Grafenried";2
540;"Jegenstorf";2
541;"Iffwil";2
542;"Limpach";2
543;"Mattstetten";2
544;"Moosseedorf";2
545;"Mülchi";2
546;"Münchenbuchsee";2
547;"Münchringen";2
549;"Schalunen";2
550;"Scheunen";2
551;"Urtenen-Schönbühl";2
552;"Utzenstorf";2
553;"Wiggiswil";2
554;"Wiler bei Utzenstorf";2
555;"Zauggenried";2
556;"Zielebach";2
557;"Zuzwil (BE)";2
561;"Adelboden";2
562;"Aeschi bei Spiez";2
563;"Frutigen";2
564;"Kandergrund";2
565;"Kandersteg";2
566;"Krattigen";2
567;"Reichenbach im Kandertal";2
571;"Beatenberg";2
572;"Bönigen";2
573;"Brienz (BE)";2
574;"Brienzwiler";2
575;"Därligen";2
576;"Grindelwald";2
577;"Gsteigwiler";2
578;"Gündlischwand";2
579;"Habkern";2
580;"Hofstetten bei Brienz";2
581;"Interlaken";2
582;"Iseltwald";2
584;"Lauterbrunnen";2
585;"Leissigen";2
586;"Lütschental";2
587;"Matten bei Interlaken";2
588;"Niederried bei Interlaken";2
589;"Oberried am Brienzersee";2
590;"Ringgenberg (BE)";2
591;"Saxeten";2
592;"Schwanden bei Brienz";2
593;"Unterseen";2
594;"Wilderswil";2
602;"Arni (BE)";2
603;"Biglen";2
604;"Bleiken bei Oberdiessbach";2
605;"Bowil";2
606;"Brenzikofen";2
607;"Freimettigen";2
608;"Grosshöchstetten";2
609;"Häutligen";2
610;"Herbligen";2
611;"Kiesen";2
612;"Konolfingen";2
613;"Landiswil";2
614;"Linden";2
615;"Mirchel";2
616;"Münsingen";2
617;"Niederhünigen";2
619;"Oberdiessbach";2
620;"Oberthal";2
622;"Oppligen";2
623;"Rubigen";2
624;"Schlosswil";2
625;"Tägertschi";2
626;"Walkringen";2
627;"Worb";2
628;"Zäziwil";2
629;"Oberhünigen";2
630;"Allmendingen";2
632;"Wichtrach";2
661;"Clavaleyres";2
662;"Ferenbalm";2
663;"Frauenkappelen";2
664;"Golaten";2
665;"Gurbrü";2
666;"Kriechenwil";2
667;"Laupen";2
668;"Mühleberg";2
669;"Münchenwiler";2
670;"Neuenegg";2
671;"Wileroltigen";2
681;"Belprahon";2
682;"Bévilard";2
683;"Champoz";2
684;"Châtelat";2
687;"Corcelles (BE)";2
690;"Court";2
691;"Crémines";2
692;"Eschert";2
694;"Grandval";2
696;"Loveresse";2
697;"Malleray";2
699;"Monible";2
700;"Moutier";2
701;"Perrefitte";2
702;"Pontenet";2
703;"Reconvilier";2
704;"Roches (BE)";2
706;"Saicourt";2
707;"Saules (BE)";2
708;"Schelten";2
709;"Seehof";2
710;"Sornetan";2
711;"Sorvilier";2
712;"Souboz";2
713;"Tavannes";2
715;"Rebévelier";2
721;"Diesse";2
722;"Lamboing";2
723;"La Neuveville";2
724;"Nods";2
725;"Prêles";2
731;"Aegerten";2
732;"Bellmund";2
733;"Brügg";2
734;"Bühl";2
735;"Epsach";2
736;"Hagneck";2
737;"Hermrigen";2
738;"Jens";2
739;"Ipsach";2
740;"Ligerz";2
741;"Merzligen";2
742;"Mörigen";2
743;"Nidau";2
744;"Orpund";2
745;"Port";2
746;"Safnern";2
747;"Scheuren";2
748;"Schwadernau";2
749;"Studen (BE)";2
750;"Sutz-Lattrigen";2
751;"Täuffelen";2
754;"Walperswil";2
755;"Worben";2
756;"Twann-Tüscherz";2
761;"Därstetten";2
762;"Diemtigen";2
763;"Erlenbach im Simmental";2
764;"Niederstocken";2
765;"Oberstocken";2
766;"Oberwil im Simmental";2
767;"Reutigen";2
768;"Spiez";2
769;"Wimmis";2
781;"Gadmen";2
782;"Guttannen";2
783;"Hasliberg";2
784;"Innertkirchen";2
785;"Meiringen";2
786;"Schattenhalb";2
791;"Boltigen";2
792;"Lenk";2
793;"St. Stephan";2
794;"Zweisimmen";2
841;"Gsteig";2
842;"Lauenen";2
843;"Saanen";2
852;"Guggisberg";2
853;"Rüschegg";2
855;"Schwarzenburg";2
861;"Belp";2
863;"Burgistein";2
865;"Gelterfingen";2
866;"Gerzensee";2
867;"Gurzelen";2
868;"Jaberg";2
869;"Kaufdorf";2
870;"Kehrsatz";2
871;"Kienersrüti";2
872;"Kirchdorf (BE)";2
873;"Kirchenthurnen";2
874;"Lohnstorf";2
875;"Mühledorf (BE)";2
876;"Mühlethurnen";2
877;"Niedermuhlern";2
878;"Noflen";2
879;"Riggisberg";2
880;"Rüeggisberg";2
881;"Rümligen";2
883;"Seftigen";2
884;"Toffen";2
885;"Uttigen";2
886;"Wattenwil";2
888;"Wald (BE)";2
901;"Eggiwil";2
902;"Langnau im Emmental";2
903;"Lauperswil";2
904;"Röthenbach im Emmental";2
905;"Rüderswil";2
906;"Schangnau";2
907;"Signau";2
908;"Trub";2
909;"Trubschachen";2
921;"Amsoldingen";2
922;"Blumenstein";2
923;"Buchholterberg";2
924;"Eriz";2
925;"Fahrni";2
927;"Heiligenschwendi";2
928;"Heimberg";2
929;"Hilterfingen";2
930;"Höfen";2
931;"Homberg";2
932;"Horrenbach-Buchen";2
934;"Oberhofen am Thunersee";2
935;"Oberlangenegg";2
936;"Pohlern";2
937;"Schwendibach";2
938;"Sigriswil";2
939;"Steffisburg";2
940;"Teuffenthal (BE)";2
941;"Thierachern";2
942;"Thun";2
943;"Uebeschi";2
944;"Uetendorf";2
945;"Unterlangenegg";2
946;"Wachseldorn";2
947;"Zwieselberg";2
948;"Forst-Längenbühl";2
951;"Affoltern im Emmental";2
952;"Dürrenroth";2
953;"Eriswil";2
954;"Huttwil";2
955;"Lützelflüh";2
956;"Rüegsau";2
957;"Sumiswald";2
958;"Trachselwald";2
959;"Walterswil (BE)";2
960;"Wyssachen";2
971;"Attiswil";2
972;"Berken";2
973;"Bettenhausen";2
975;"Farnern";2
976;"Graben";2
977;"Heimenhausen";2
978;"Hermiswil";2
979;"Herzogenbuchsee";2
980;"Inkwil";2
981;"Niederbipp";2
982;"Niederönz";2
983;"Oberbipp";2
985;"Ochlenberg";2
987;"Rumisberg";2
988;"Seeberg";2
989;"Thörigen";2
990;"Walliswil bei Niederbipp";2
991;"Walliswil bei Wangen";2
992;"Wangen an der Aare";2
993;"Wangenried";2
995;"Wiedlisbach";2
996;"Wolfisberg";2
1001;"Doppleschwand";3
1002;"Entlebuch";3
1004;"Flühli";3
1005;"Hasle (LU)";3
1007;"Romoos";3
1008;"Schüpfheim";3
1009;"Werthenstein";3
1010;"Escholzmatt-Marbach";3
1021;"Aesch (LU)";3
1022;"Altwis";3
1023;"Ballwil";3
1024;"Emmen";3
1025;"Ermensee";3
1026;"Eschenbach (LU)";3
1030;"Hitzkirch";3
1031;"Hochdorf";3
1032;"Hohenrain";3
1033;"Inwil";3
1037;"Rain";3
1039;"Römerswil";3
1040;"Rothenburg";3
1041;"Schongau";3
1051;"Adligenswil";3
1052;"Buchrain";3
1053;"Dierikon";3
1054;"Ebikon";3
1055;"Gisikon";3
1056;"Greppen";3
1057;"Honau";3
1058;"Horw";3
1059;"Kriens";3
1061;"Luzern";3
1062;"Malters";3
1063;"Meggen";3
1064;"Meierskappel";3
1065;"Root";3
1066;"Schwarzenberg";3
1067;"Udligenswil";3
1068;"Vitznau";3
1069;"Weggis";3
1081;"Beromünster";3
1082;"Büron";3
1083;"Buttisholz";3
1084;"Eich";3
1085;"Geuensee";3
1086;"Grosswangen";3
1088;"Hildisrieden";3
1089;"Knutwil";3
1091;"Mauensee";3
1093;"Neuenkirch";3
1094;"Nottwil";3
1095;"Oberkirch";3
1097;"Rickenbach (LU)";3
1098;"Ruswil";3
1099;"Schenkon";3
1100;"Schlierbach";3
1102;"Sempach";3
1103;"Sursee";3
1104;"Triengen";3
1107;"Wolhusen";3
1121;"Alberswil";3
1122;"Altbüron";3
1123;"Altishofen";3
1125;"Dagmersellen";3
1126;"Ebersecken";3
1127;"Egolzwil";3
1128;"Ettiswil";3
1129;"Fischbach";3
1130;"Gettnau";3
1131;"Grossdietwil";3
1132;"Hergiswil bei Willisau";3
1135;"Luthern";3
1136;"Menznau";3
1137;"Nebikon";3
1139;"Pfaffnau";3
1140;"Reiden";3
1142;"Roggliswil";3
1143;"Schötz";3
1145;"Ufhusen";3
1146;"Wauwil";3
1147;"Wikon";3
1150;"Zell (LU)";3
1151;"Willisau";3
1201;"Altdorf (UR)";4
1202;"Andermatt";4
1203;"Attinghausen";4
1204;"Bauen";4
1205;"Bürglen (UR)";4
1206;"Erstfeld";4
1207;"Flüelen";4
1208;"Göschenen";4
1209;"Gurtnellen";4
1210;"Hospental";4
1211;"Isenthal";4
1212;"Realp";4
1213;"Schattdorf";4
1214;"Seedorf (UR)";4
1215;"Seelisberg";4
1216;"Silenen";4
1217;"Sisikon";4
1218;"Spiringen";4
1219;"Unterschächen";4
1220;"Wassen";4
1301;"Einsiedeln";5
1311;"Gersau";5
1321;"Feusisberg";5
1322;"Freienbach";5
1323;"Wollerau";5
1331;"Küssnacht (SZ)";5
1341;"Altendorf";5
1342;"Galgenen";5
1343;"Innerthal";5
1344;"Lachen";5
1345;"Reichenburg";5
1346;"Schübelbach";5
1347;"Tuggen";5
1348;"Vorderthal";5
1349;"Wangen (SZ)";5
1361;"Alpthal";5
1362;"Arth";5
1363;"Illgau";5
1364;"Ingenbohl";5
1365;"Lauerz";5
1366;"Morschach";5
1367;"Muotathal";5
1368;"Oberiberg";5
1369;"Riemenstalden";5
1370;"Rothenthurm";5
1371;"Sattel";5
1372;"Schwyz";5
1373;"Steinen";5
1374;"Steinerberg";5
1375;"Unteriberg";5
1401;"Alpnach";6
1402;"Engelberg";6
1403;"Giswil";6
1404;"Kerns";6
1405;"Lungern";6
1406;"Sachseln";6
1407;"Sarnen";6
1501;"Beckenried";7
1502;"Buochs";7
1503;"Dallenwil";7
1504;"Emmetten";7
1505;"Ennetbürgen";7
1506;"Ennetmoos";7
1507;"Hergiswil (NW)";7
1508;"Oberdorf (NW)";7
1509;"Stans";7
1510;"Stansstad";7
1511;"Wolfenschiessen";7
1630;"Glarus Nord";8
1631;"Glarus Süd";8
1632;"Glarus";8
1701;"Baar";9
1702;"Cham";9
1703;"Hünenberg";9
1704;"Menzingen";9
1705;"Neuheim";9
1706;"Oberägeri";9
1707;"Risch";9
1708;"Steinhausen";9
1709;"Unterägeri";9
1710;"Walchwil";9
1711;"Zug";9
2004;"Bussy (FR)";10
2005;"Châbles";10
2008;"Châtillon (FR)";10
2009;"Cheiry";10
2010;"Cheyres";10
2011;"Cugy (FR)";10
2013;"Domdidier";10
2014;"Dompierre (FR)";10
2015;"Estavayer-le-Lac";10
2016;"Fétigny";10
2022;"Gletterens";10
2024;"Léchelles";10
2025;"Lully (FR)";10
2027;"Ménières";10
2029;"Montagny (FR)";10
2033;"Morens (FR)";10
2034;"Murist";10
2035;"Nuvilly";10
2038;"Prévondavaux";10
2039;"Rueyres-les-Prés";10
2040;"Russy";10
2041;"Saint-Aubin (FR)";10
2043;"Sévaz";10
2044;"Surpierre";10
2045;"Vallon";10
2047;"Villeneuve (FR)";10
2049;"Vuissens";10
2050;"Les Montets";10
2051;"Delley-Portalban";10
2052;"Vernay";10
2061;"Auboranges";10
2063;"Billens-Hennens";10
2066;"Chapelle (Glâne)";10
2067;"Le Châtelard";10
2068;"Châtonnaye";10
2072;"Ecublens (FR)";10
2079;"Grangettes";10
2086;"Massonnens";10
2087;"Mézières (FR)";10
2089;"Montet (Glâne)";10
2096;"Romont (FR)";10
2097;"Rue";10
2099;"Siviriez";10
2102;"Ursy";10
2111;"Villaz-Saint-Pierre";10
2113;"Vuisternens-devant-Romont";10
2114;"Villorsonnens";10
2115;"Torny";10
2116;"La Folliaz";10
2121;"Haut-Intyamon";10
2122;"Pont-en-Ogoz";10
2123;"Botterens";10
2124;"Broc";10
2125;"Bulle";10
2126;"Cerniat (FR)";10
2127;"Charmey";10
2128;"Châtel-sur-Montsalvens";10
2129;"Corbières";10
2130;"Crésuz";10
2131;"Echarlens";10
2134;"Grandvillard";10
2135;"Gruyères";10
2137;"Hauteville";10
2138;"Jaun";10
2140;"Marsens";10
2143;"Morlon";10
2145;"Le Pâquier (FR)";10
2147;"Pont-la-Ville";10
2148;"Riaz";10
2149;"La Roche";10
2152;"Sâles";10
2153;"Sorens";10
2155;"Vaulruz";10
2160;"Vuadens";10
2162;"Bas-Intyamon";10
2171;"Arconciel";10
2172;"Autafond";10
2173;"Autigny";10
2174;"Avry";10
2175;"Belfaux";10
2177;"Chénens";10
2179;"Chésopelloz";10
2183;"Corminboeuf";10
2184;"Corpataux-Magnedens";10
2185;"Corserey";10
2186;"Cottens (FR)";10
2189;"Ependes (FR)";10
2192;"Farvagny";10
2194;"Ferpicloz";10
2196;"Fribourg";10
2197;"Givisiez";10
2198;"Granges-Paccot";10
2200;"Grolley";10
2206;"Marly";10
2208;"Matran";10
2211;"Neyruz (FR)";10
2213;"Noréaz";10
2216;"Pierrafortscha";10
2217;"Ponthaux";10
2220;"Le Mouret";10
2221;"Prez-vers-Noréaz";10
2222;"Rossens (FR)";10
2223;"Le Glèbe";10
2225;"Senèdes";10
2226;"Treyvaux";10
2228;"Villars-sur-Glâne";10
2230;"Villarsel-sur-Marly";10
2231;"Vuisternens-en-Ogoz";10
2233;"Hauterive (FR)";10
2234;"La Brillaz";10
2235;"La Sonnaz";10
2243;"Barberêche";10
2250;"Courgevaux";10
2251;"Courlevon";10
2254;"Courtepin";10
2257;"Cressier (FR)";10
2258;"Fräschels";10
2259;"Galmiz";10
2260;"Gempenach";10
2261;"Greng";10
2262;"Gurmels";10
2264;"Jeuss";10
2265;"Kerzers";10
2266;"Kleinbösingen";10
2270;"Lurtigen";10
2271;"Meyriez";10
2272;"Misery-Courtion";10
2274;"Muntelier";10
2275;"Murten";10
2276;"Ried bei Kerzers";10
2277;"Salvenach";10
2278;"Ulmiz";10
2279;"Villarepos";10
2280;"Bas-Vully";10
2281;"Haut-Vully";10
2283;"Wallenried";10
2291;"Alterswil";10
2292;"Brünisried";10
2293;"Düdingen";10
2294;"Giffers";10
2295;"Bösingen";10
2296;"Heitenried";10
2298;"Oberschrot";10
2299;"Plaffeien";10
2300;"Plasselb";10
2301;"Rechthalten";10
2302;"St. Antoni";10
2303;"St. Silvester";10
2304;"St. Ursen";10
2305;"Schmitten (FR)";10
2306;"Tafers";10
2307;"Tentlingen";10
2308;"Ueberstorf";10
2309;"Wünnewil-Flamatt";10
2310;"Zumholz";10
2321;"Attalens";10
2323;"Bossonnens";10
2325;"Châtel-Saint-Denis";10
2328;"Granges (Veveyse)";10
2333;"Remaufens";10
2335;"Saint-Martin (FR)";10
2336;"Semsales";10
2337;"Le Flon";10
2338;"La Verrerie";10
2401;"Egerkingen";11
2402;"Härkingen";11
2403;"Kestenholz";11
2404;"Neuendorf";11
2405;"Niederbuchsiten";11
2406;"Oberbuchsiten";11
2407;"Oensingen";11
2408;"Wolfwil";11
2421;"Aedermannsdorf";11
2422;"Balsthal";11
2423;"Gänsbrunnen";11
2424;"Herbetswil";11
2425;"Holderbank (SO)";11
2426;"Laupersdorf";11
2427;"Matzendorf";11
2428;"Mümliswil-Ramiswil";11
2429;"Welschenrohr";11
2441;"Aetigkofen";11
2442;"Aetingen";11
2444;"Bibern (SO)";11
2445;"Biezwil";11
2446;"Brügglen";11
2449;"Gossliwil";11
2450;"Hessigkofen";11
2452;"Küttigkofen";11
2453;"Kyburg-Buchegg";11
2455;"Lüterkofen-Ichertswil";11
2456;"Lüterswil-Gächliwil";11
2457;"Messen";11
2458;"Mühledorf (SO)";11
2461;"Schnottwil";11
2462;"Tscheppach";11
2463;"Unterramsern";11
2464;"Lüsslingen-Nennigkofen";11
2471;"Bättwil";11
2472;"Büren (SO)";11
2473;"Dornach";11
2474;"Gempen";11
2475;"Hochwald";11
2476;"Hofstetten-Flüh";11
2477;"Metzerlen-Mariastein";11
2478;"Nuglar-St. Pantaleon";11
2479;"Rodersdorf";11
2480;"Seewen";11
2481;"Witterswil";11
2491;"Hauenstein-Ifenthal";11
2492;"Kienberg";11
2493;"Lostorf";11
2495;"Niedergösgen";11
2497;"Obergösgen";11
2498;"Rohr (SO)";11
2499;"Stüsslingen";11
2500;"Trimbach";11
2501;"Winznau";11
2502;"Wisen (SO)";11
2503;"Erlinsbach (SO)";11
2511;"Aeschi (SO)";11
2513;"Biberist";11
2514;"Bolken";11
2516;"Deitingen";11
2517;"Derendingen";11
2518;"Etziken";11
2519;"Gerlafingen";11
2520;"Halten";11
2523;"Horriwil";11
2524;"Hüniken";11
2525;"Kriegstetten";11
2526;"Lohn-Ammannsegg";11
2527;"Luterbach";11
2528;"Obergerlafingen";11
2529;"Oekingen";11
2530;"Recherswil";11
2532;"Subingen";11
2534;"Zuchwil";11
2535;"Drei Höfe";11
2541;"Balm bei Günsberg";11
2542;"Bellach";11
2543;"Bettlach";11
2544;"Feldbrunnen-St. Niklaus";11
2545;"Flumenthal";11
2546;"Grenchen";11
2547;"Günsberg";11
2548;"Hubersdorf";11
2549;"Kammersrohr";11
2550;"Langendorf";11
2551;"Lommiswil";11
2553;"Oberdorf (SO)";11
2554;"Riedholz";11
2555;"Rüttenen";11
2556;"Selzach";11
2571;"Boningen";11
2572;"Däniken";11
2573;"Dulliken";11
2574;"Eppenberg-Wöschnau";11
2575;"Fulenbach";11
2576;"Gretzenbach";11
2578;"Gunzgen";11
2579;"Hägendorf";11
2580;"Kappel (SO)";11
2581;"Olten";11
2582;"Rickenbach (SO)";11
2583;"Schönenwerd";11
2584;"Starrkirch-Wil";11
2585;"Walterswil (SO)";11
2586;"Wangen bei Olten";11
2601;"Solothurn";11
2611;"Bärschwil";11
2612;"Beinwil (SO)";11
2613;"Breitenbach";11
2614;"Büsserach";11
2615;"Erschwil";11
2616;"Fehren";11
2617;"Grindel";11
2618;"Himmelried";11
2619;"Kleinlützel";11
2620;"Meltingen";11
2621;"Nunningen";11
2622;"Zullwil";11
2701;"Basel";12
2702;"Bettingen";12
2703;"Riehen";12
2761;"Aesch (BL)";13
2762;"Allschwil";13
2763;"Arlesheim";13
2764;"Biel-Benken";13
2765;"Binningen";13
2766;"Birsfelden";13
2767;"Bottmingen";13
2768;"Ettingen";13
2769;"Münchenstein";13
2770;"Muttenz";13
2771;"Oberwil (BL)";13
2772;"Pfeffingen";13
2773;"Reinach (BL)";13
2774;"Schönenbuch";13
2775;"Therwil";13
2781;"Blauen";13
2782;"Brislach";13
2783;"Burg im Leimental";13
2784;"Dittingen";13
2785;"Duggingen";13
2786;"Grellingen";13
2787;"Laufen";13
2788;"Liesberg";13
2789;"Nenzlingen";13
2790;"Roggenburg";13
2791;"Röschenz";13
2792;"Wahlen";13
2793;"Zwingen";13
2821;"Arisdorf";13
2822;"Augst";13
2823;"Bubendorf";13
2824;"Frenkendorf";13
2825;"Füllinsdorf";13
2826;"Giebenach";13
2827;"Hersberg";13
2828;"Lausen";13
2829;"Liestal";13
2830;"Lupsingen";13
2831;"Pratteln";13
2832;"Ramlinsburg";13
2833;"Seltisberg";13
2834;"Ziefen";13
2841;"Anwil";13
2842;"Böckten";13
2843;"Buckten";13
2844;"Buus";13
2845;"Diepflingen";13
2846;"Gelterkinden";13
2847;"Häfelfingen";13
2848;"Hemmiken";13
2849;"Itingen";13
2850;"Känerkinden";13
2851;"Kilchberg (BL)";13
2852;"Läufelfingen";13
2853;"Maisprach";13
2854;"Nusshof";13
2855;"Oltingen";13
2856;"Ormalingen";13
2857;"Rickenbach (BL)";13
2858;"Rothenfluh";13
2859;"Rümlingen";13
2860;"Rünenberg";13
2861;"Sissach";13
2862;"Tecknau";13
2863;"Tenniken";13
2864;"Thürnen";13
2865;"Wenslingen";13
2866;"Wintersingen";13
2867;"Wittinsburg";13
2868;"Zeglingen";13
2869;"Zunzgen";13
2881;"Arboldswil";13
2882;"Bennwil";13
2883;"Bretzwil";13
2884;"Diegten";13
2885;"Eptingen";13
2886;"Hölstein";13
2887;"Lampenberg";13
2888;"Langenbruck";13
2889;"Lauwil";13
2890;"Liedertswil";13
2891;"Niederdorf";13
2892;"Oberdorf (BL)";13
2893;"Reigoldswil";13
2894;"Titterten";13
2895;"Waldenburg";13
2901;"Gächlingen";14
2903;"Löhningen";14
2904;"Neunkirch";14
2914;"Büttenhardt";14
2915;"Dörflingen";14
2917;"Lohn (SH)";14
2919;"Stetten (SH)";14
2920;"Thayngen";14
2931;"Bargen (SH)";14
2932;"Beringen";14
2933;"Buchberg";14
2936;"Merishausen";14
2937;"Neuhausen am Rheinfall";14
2938;"Rüdlingen";14
2939;"Schaffhausen";14
2951;"Beggingen";14
2952;"Schleitheim";14
2953;"Siblingen";14
2961;"Buch (SH)";14
2962;"Hemishofen";14
2963;"Ramsen";14
2964;"Stein am Rhein";14
2971;"Hallau";14
2972;"Oberhallau";14
2973;"Trasadingen";14
2974;"Wilchingen";14
3001;"Herisau";15
3002;"Hundwil";15
3003;"Schönengrund";15
3004;"Schwellbrunn";15
3005;"Stein (AR)";15
3006;"Urnäsch";15
3007;"Waldstatt";15
3021;"Bühler";15
3022;"Gais";15
3023;"Speicher";15
3024;"Teufen (AR)";15
3025;"Trogen";15
3031;"Grub (AR)";15
3032;"Heiden";15
3033;"Lutzenberg";15
3034;"Rehetobel";15
3035;"Reute (AR)";15
3036;"Wald (AR)";15
3037;"Walzenhausen";15
3038;"Wolfhalden";15
3101;"Appenzell";16
3102;"Gonten";16
3103;"Rüte";16
3104;"Schlatt-Haslen";16
3105;"Schwende";16
3111;"Oberegg";16
3201;"Häggenschwil";17
3202;"Muolen";17
3203;"St. Gallen";17
3204;"Wittenbach";17
3211;"Berg (SG)";17
3212;"Eggersriet";17
3213;"Goldach";17
3214;"Mörschwil";17
3215;"Rorschach";17
3216;"Rorschacherberg";17
3217;"Steinach";17
3218;"Tübach";17
3219;"Untereggen";17
3231;"Au (SG)";17
3232;"Balgach";17
3233;"Berneck";17
3234;"Diepoldsau";17
3235;"Rheineck";17
3236;"St. Margrethen";17
3237;"Thal";17
3238;"Widnau";17
3251;"Altstätten";17
3252;"Eichberg";17
3253;"Marbach (SG)";17
3254;"Oberriet (SG)";17
3255;"Rebstein";17
3256;"Rüthi (SG)";17
3271;"Buchs (SG)";17
3272;"Gams";17
3273;"Grabs";17
3274;"Sennwald";17
3275;"Sevelen";17
3276;"Wartau";17
3291;"Bad Ragaz";17
3292;"Flums";17
3293;"Mels";17
3294;"Pfäfers";17
3295;"Quarten";17
3296;"Sargans";17
3297;"Vilters-Wangs";17
3298;"Walenstadt";17
3311;"Amden";17
3312;"Benken (SG)";17
3313;"Kaltbrunn";17
3315;"Schänis";17
3316;"Weesen";17
3338;"Schmerikon";17
3339;"Uznach";17
3340;"Rapperswil-Jona";17
3341;"Gommiswald";17
3342;"Eschenbach (SG)";17
3352;"Ebnat-Kappel";17
3359;"Wildhaus-Alt St. Johann";17
3360;"Nesslau";17
3372;"Hemberg";17
3374;"Lichtensteig";17
3375;"Oberhelfenschwil";17
3378;"Neckertal";17
3379;"Wattwil";17
3392;"Kirchberg (SG)";17
3393;"Lütisburg";17
3394;"Mosnang";17
3395;"Bütschwil-Ganterschwil";17
3401;"Degersheim";17
3402;"Flawil";17
3405;"Jonschwil";17
3407;"Oberuzwil";17
3408;"Uzwil";17
3422;"Niederbüren";17
3423;"Niederhelfenschwil";17
3424;"Oberbüren";17
3426;"Zuzwil (SG)";17
3427;"Wil (SG)";17
3441;"Andwil (SG)";17
3442;"Gaiserwald";17
3443;"Gossau (SG)";17
3444;"Waldkirch";17
3501;"Alvaschein";18
3502;"Mon";18
3503;"Mutten";18
3504;"Stierva";18
3505;"Tiefencastel";18
3506;"Vaz/Obervaz";18
3511;"Alvaneu";18
3512;"Brienz/Brinzauls";18
3513;"Lantsch/Lenz";18
3514;"Schmitten (GR)";18
3515;"Surava";18
3521;"Bergün/Bravuogn";18
3522;"Filisur";18
3531;"Bivio";18
3532;"Cunter";18
3533;"Marmorera";18
3534;"Mulegns";18
3536;"Riom-Parsonz";18
3538;"Salouf";18
3539;"Savognin";18
3540;"Sur";18
3541;"Tinizong-Rona";18
3551;"Brusio";18
3561;"Poschiavo";18
3571;"Castrisch";18
3572;"Falera";18
3574;"Ilanz";18
3575;"Laax";18
3576;"Ladir";18
3577;"Luven";18
3578;"Pitasch";18
3579;"Riein";18
3580;"Ruschein";18
3581;"Sagogn";18
3582;"Schluein";18
3583;"Schnaus";18
3584;"Sevgein";18
3593;"Duvin";18
3598;"St. Martin";18
3603;"Vals";18
3611;"Andiast";18
3612;"Obersaxen";18
3613;"Pigniu";18
3614;"Rueun";18
3615;"Siat";18
3616;"Waltensburg/Vuorz";18
3617;"Mundaun";18
3618;"Lumnezia";18
3631;"Almens";18
3633;"Fürstenau";18
3634;"Paspels";18
3635;"Pratval";18
3636;"Rodels";18
3637;"Rothenbrunnen";18
3638;"Scharans";18
3640;"Sils im Domleschg";18
3661;"Cazis";18
3662;"Flerden";18
3663;"Masein";18
3668;"Thusis";18
3669;"Tschappina";18
3670;"Urmein";18
3671;"Tomils";18
3672;"Safiental";18
3681;"Avers";18
3691;"Hinterrhein";18
3693;"Nufenen";18
3694;"Splügen";18
3695;"Sufers";18
3701;"Andeer";18
3703;"Casti-Wergenstein";18
3705;"Donath";18
3707;"Lohn (GR)";18
3708;"Mathon";18
3711;"Rongellen";18
3712;"Zillis-Reischen";18
3713;"Ferrera";18
3721;"Bonaduz";18
3722;"Domat/Ems";18
3723;"Rhäzüns";18
3731;"Felsberg";18
3732;"Flims";18
3733;"Tamins";18
3734;"Trin";18
3741;"Ardez";18
3742;"Guarda";18
3743;"Lavin";18
3744;"Susch";18
3745;"Tarasp";18
3746;"Zernez";18
3752;"Samnaun";18
3761;"Ftan";18
3762;"Scuol";18
3763;"Sent";18
3764;"Valsot";18
3781;"Bever";18
3782;"Celerina/Schlarigna";18
3783;"Madulain";18
3784;"Pontresina";18
3785;"La Punt-Chamues-ch";18
3786;"Samedan";18
3787;"St. Moritz";18
3788;"S-chanf";18
3789;"Sils im Engadin/Segl";18
3790;"Silvaplana";18
3791;"Zuoz";18
3792;"Bregaglia";18
3801;"Arvigo";18
3803;"Braggio";18
3804;"Buseno";18
3805;"Castaneda";18
3806;"Cauco";18
3808;"Rossa";18
3810;"Santa Maria in Calanca";18
3811;"Selma";18
3821;"Lostallo";18
3822;"Mesocco";18
3823;"Soazza";18
3831;"Cama";18
3832;"Grono";18
3833;"Leggia";18
3834;"Roveredo (GR)";18
3835;"San Vittore";18
3836;"Verdabbio";18
3847;"Val Müstair";18
3851;"Davos";18
3861;"Fideris";18
3862;"Furna";18
3863;"Jenaz";18
3871;"Klosters-Serneus";18
3881;"Conters im Prättigau";18
3882;"Küblis";18
3883;"Saas";18
3891;"Luzein";18
3893;"St. Antönien";18
3901;"Chur";18
3911;"Churwalden";18
3921;"Arosa";18
3926;"Maladers";18
3932;"Tschiertschen-Praden";18
3941;"Haldenstein";18
3945;"Trimmis";18
3946;"Untervaz";18
3947;"Zizers";18
3951;"Fläsch";18
3952;"Jenins";18
3953;"Maienfeld";18
3954;"Malans";18
3955;"Landquart";18
3961;"Grüsch";18
3962;"Schiers";18
3972;"Seewis im Prättigau";18
3981;"Breil/Brigels";18
3982;"Disentis/Mustér";18
3983;"Medel (Lucmagn)";18
3985;"Sumvitg";18
3986;"Tujetsch";18
3987;"Trun";18
4001;"Aarau";19
4002;"Biberstein";19
4003;"Buchs (AG)";19
4004;"Densbüren";19
4005;"Erlinsbach (AG)";19
4006;"Gränichen";19
4007;"Hirschthal";19
4008;"Küttigen";19
4009;"Muhen";19
4010;"Oberentfelden";19
4012;"Suhr";19
4013;"Unterentfelden";19
4021;"Baden";19
4022;"Bellikon";19
4023;"Bergdietikon";19
4024;"Birmenstorf (AG)";19
4026;"Ennetbaden";19
4027;"Fislisbach";19
4028;"Freienwil";19
4029;"Gebenstorf";19
4030;"Killwangen";19
4031;"Künten";19
4032;"Mägenwil";19
4033;"Mellingen";19
4034;"Neuenhof";19
4035;"Niederrohrdorf";19
4037;"Oberrohrdorf";19
4038;"Obersiggenthal";19
4039;"Remetschwil";19
4040;"Spreitenbach";19
4041;"Stetten (AG)";19
4042;"Turgi";19
4044;"Untersiggenthal";19
4045;"Wettingen";19
4046;"Wohlenschwil";19
4047;"Würenlingen";19
4048;"Würenlos";19
4049;"Ehrendingen";19
4061;"Arni (AG)";19
4062;"Berikon";19
4063;"Bremgarten (AG)";19
4064;"Büttikon";19
4065;"Dottikon";19
4066;"Eggenwil";19
4067;"Fischbach-Göslikon";19
4068;"Hägglingen";19
4069;"Hermetschwil-Staffeln";19
4071;"Jonen";19
4072;"Niederwil (AG)";19
4073;"Oberlunkhofen";19
4074;"Oberwil-Lieli";19
4075;"Rudolfstetten-Friedlisberg";19
4076;"Sarmenstorf";19
4077;"Tägerig";19
4078;"Uezwil";19
4079;"Unterlunkhofen";19
4080;"Villmergen";19
4081;"Widen";19
4082;"Wohlen (AG)";19
4083;"Zufikon";19
4084;"Islisberg";19
4091;"Auenstein";19
4092;"Birr";19
4093;"Birrhard";19
4094;"Bözen";19
4095;"Brugg";19
4096;"Effingen";19
4097;"Elfingen";19
4099;"Habsburg";19
4100;"Hausen (AG)";19
4104;"Lupfig";19
4105;"Mandach";19
4106;"Mönthal";19
4107;"Mülligen";19
4109;"Oberflachs";19
4110;"Remigen";19
4111;"Riniken";19
4112;"Rüfenach";19
4113;"Scherz";19
4114;"Schinznach-Bad";19
4115;"Schinznach-Dorf";19
4117;"Thalheim (AG)";19
4120;"Veltheim (AG)";19
4121;"Villigen";19
4122;"Villnachern";19
4123;"Windisch";19
4124;"Bözberg";19
4131;"Beinwil am See";19
4132;"Birrwil";19
4133;"Burg (AG)";19
4134;"Dürrenäsch";19
4135;"Gontenschwil";19
4136;"Holziken";19
4137;"Leimbach (AG)";19
4138;"Leutwil";19
4139;"Menziken";19
4140;"Oberkulm";19
4141;"Reinach (AG)";19
4142;"Schlossrued";19
4143;"Schmiedrued";19
4144;"Schöftland";19
4145;"Teufenthal (AG)";19
4146;"Unterkulm";19
4147;"Zetzwil";19
4161;"Eiken";19
4163;"Frick";19
4164;"Gansingen";19
4165;"Gipf-Oberfrick";19
4166;"Herznach";19
4167;"Hornussen";19
4169;"Kaisten";19
4170;"Laufenburg";19
4172;"Münchwilen (AG)";19
4173;"Oberhof";19
4175;"Oeschgen";19
4176;"Schwaderloch";19
4177;"Sisseln";19
4179;"Ueken";19
4181;"Wittnau";19
4182;"Wölflinswil";19
4183;"Zeihen";19
4184;"Mettauertal";19
4191;"Ammerswil";19
4192;"Boniswil";19
4193;"Brunegg";19
4194;"Dintikon";19
4195;"Egliswil";19
4196;"Fahrwangen";19
4197;"Hallwil";19
4198;"Hendschiken";19
4199;"Holderbank (AG)";19
4200;"Hunzenschwil";19
4201;"Lenzburg";19
4202;"Meisterschwanden";19
4203;"Möriken-Wildegg";19
4204;"Niederlenz";19
4205;"Othmarsingen";19
4206;"Rupperswil";19
4207;"Schafisheim";19
4208;"Seengen";19
4209;"Seon";19
4210;"Staufen";19
4221;"Abtwil";19
4222;"Aristau";19
4223;"Auw";19
4224;"Beinwil (Freiamt)";19
4226;"Besenbüren";19
4227;"Bettwil";19
4228;"Boswil";19
4229;"Bünzen";19
4230;"Buttwil";19
4231;"Dietwil";19
4232;"Geltwil";19
4233;"Kallern";19
4234;"Merenschwand";19
4235;"Mühlau";19
4236;"Muri (AG)";19
4237;"Oberrüti";19
4238;"Rottenschwil";19
4239;"Sins";19
4240;"Waltenschwil";19
4251;"Hellikon";19
4252;"Kaiseraugst";19
4253;"Magden";19
4254;"Möhlin";19
4255;"Mumpf";19
4256;"Obermumpf";19
4257;"Olsberg";19
4258;"Rheinfelden";19
4259;"Schupfart";19
4260;"Stein (AG)";19
4261;"Wallbach";19
4262;"Wegenstetten";19
4263;"Zeiningen";19
4264;"Zuzgen";19
4271;"Aarburg";19
4272;"Attelwil";19
4273;"Bottenwil";19
4274;"Brittnau";19
4275;"Kirchleerau";19
4276;"Kölliken";19
4277;"Moosleerau";19
4279;"Murgenthal";19
4280;"Oftringen";19
4281;"Reitnau";19
4282;"Rothrist";19
4283;"Safenwil";19
4284;"Staffelbach";19
4285;"Strengelbach";19
4286;"Uerkheim";19
4287;"Vordemwald";19
4288;"Wiliberg";19
4289;"Zofingen";19
4301;"Baldingen";19
4302;"Böbikon";19
4303;"Böttstein";19
4304;"Döttingen";19
4305;"Endingen";19
4306;"Fisibach";19
4307;"Full-Reuenthal";19
4308;"Kaiserstuhl";19
4309;"Klingnau";19
4310;"Koblenz";19
4311;"Leibstadt";19
4312;"Lengnau (AG)";19
4313;"Leuggern";19
4314;"Mellikon";19
4315;"Rekingen (AG)";19
4316;"Rietheim";19
4317;"Rümikon";19
4318;"Schneisingen";19
4319;"Siglistorf";19
4320;"Tegerfelden";19
4321;"Unterendingen";19
4322;"Wislikofen";19
4323;"Bad Zurzach";19
4401;"Arbon";20
4406;"Dozwil";20
4411;"Egnach";20
4416;"Hefenhofen";20
4421;"Horn";20
4426;"Kesswil";20
4431;"Roggwil (TG)";20
4436;"Romanshorn";20
4441;"Salmsach";20
4446;"Sommeri";20
4451;"Uttwil";20
4461;"Amriswil";20
4471;"Bischofszell";20
4476;"Erlen";20
4486;"Hauptwil-Gottshaus";20
4495;"Hohentannen";20
4501;"Kradolf-Schönenberg";20
4506;"Sulgen";20
4511;"Zihlschlacht-Sitterdorf";20
4536;"Basadingen-Schlattingen";20
4545;"Diessenhofen";20
4546;"Schlatt (TG)";20
4551;"Aadorf";20
4561;"Felben-Wellhausen";20
4566;"Frauenfeld";20
4571;"Gachnang";20
4590;"Hüttlingen";20
4591;"Matzingen";20
4601;"Neunforn";20
4606;"Stettfurt";20
4611;"Thundorf";20
4616;"Uesslingen-Buch";20
4621;"Warth-Weiningen";20
4641;"Altnau";20
4643;"Bottighofen";20
4646;"Ermatingen";20
4651;"Gottlieben";20
4656;"Güttingen";20
4666;"Kemmental";20
4671;"Kreuzlingen";20
4681;"Langrickenbach";20
4683;"Lengwil";20
4691;"Münsterlingen";20
4696;"Tägerwilen";20
4701;"Wäldi";20
4711;"Affeltrangen";20
4716;"Bettwiesen";20
4721;"Bichelsee-Balterswil";20
4723;"Braunau";20
4724;"Eschlikon";20
4726;"Fischingen";20
4741;"Lommis";20
4746;"Münchwilen (TG)";20
4751;"Rickenbach (TG)";20
4756;"Schönholzerswilen";20
4761;"Sirnach";20
4776;"Tobel-Tägerschen";20
4781;"Wängi";20
4786;"Wilen (TG)";20
4791;"Wuppenau";20
4801;"Berlingen";20
4806;"Eschenz";20
4811;"Herdern";20
4816;"Homburg";20
4821;"Hüttwilen";20
4826;"Mammern";20
4831;"Müllheim";20
4841;"Pfyn";20
4846;"Raperswilen";20
4851;"Salenstein";20
4864;"Steckborn";20
4871;"Wagenhausen";20
4881;"Amlikon-Bissegg";20
4891;"Berg (TG)";20
4901;"Birwinken";20
4911;"Bürglen (TG)";20
4921;"Bussnang";20
4941;"Märstetten";20
4946;"Weinfelden";20
4951;"Wigoltingen";20
5001;"Arbedo-Castione";21
5002;"Bellinzona";21
5003;"Cadenazzo";21
5004;"Camorino";21
5005;"Giubiasco";21
5006;"Gnosca";21
5007;"Gorduno";21
5008;"Gudo";21
5009;"Isone";21
5010;"Lumino";21
5012;"Moleno";21
5013;"Monte Carasso";21
5014;"Pianezzo";21
5015;"Preonzo";21
5017;"Sant'Antonino";21
5018;"Sant'Antonio";21
5019;"Sementina";21
5048;"Acquarossa";21
5049;"Blenio";21
5050;"Serravalle";21
5061;"Airolo";21
5063;"Bedretto";21
5064;"Bodio";21
5071;"Dalpe";21
5072;"Faido";21
5073;"Giornico";21
5076;"Personico";21
5077;"Pollegio";21
5078;"Prato (Leventina)";21
5079;"Quinto";21
5081;"Sobrio";21
5091;"Ascona";21
5095;"Brione (Verzasca)";21
5096;"Brione sopra Minusio";21
5097;"Brissago";21
5102;"Corippo";21
5105;"Frasco";21
5108;"Gordola";21
5109;"Gresso";21
5112;"Lavertezzo";21
5113;"Locarno";21
5115;"Losone";21
5117;"Mergoscia";21
5118;"Minusio";21
5119;"Mosogno";21
5120;"Muralto";21
5121;"Orselina";21
5125;"Ronco sopra Ascona";21
5129;"Sonogno";21
5131;"Tenero-Contra";21
5132;"Vergeletto";21
5135;"Vogorno";21
5136;"Onsernone";21
5137;"Isorno";21
5138;"Cugnasco-Gerra";21
5141;"Agno";21
5143;"Aranno";21
5144;"Arogno";21
5146;"Astano";21
5148;"Bedano";21
5149;"Bedigliora";21
5151;"Bioggio";21
5154;"Bissone";21
5160;"Brusino Arsizio";21
5161;"Cademario";21
5162;"Cadempino";21
5167;"Canobbio";21
5171;"Caslano";21
5176;"Comano";21
5178;"Croglio";21
5180;"Cureglia";21
5181;"Curio";21
5186;"Grancia";21
5187;"Gravesano";21
5189;"Lamone";21
5192;"Lugano";21
5193;"Magliaso";21
5194;"Manno";21
5195;"Maroggia";21
5196;"Massagno";21
5197;"Melano";21
5198;"Melide";21
5199;"Mezzovico-Vira";21
5200;"Miglieglia";21
5202;"Monteggio";21
5203;"Morcote";21
5205;"Muzzano";21
5206;"Neggio";21
5207;"Novaggio";21
5208;"Origlio";21
5210;"Paradiso";21
5212;"Ponte Capriasca";21
5213;"Ponte Tresa";21
5214;"Porza";21
5216;"Pura";21
5219;"Rovio";21
5221;"Savosa";21
5222;"Sessa";21
5225;"Sorengo";21
5226;"Capriasca";21
5227;"Torricella-Taverne";21
5230;"Vernate";21
5231;"Vezia";21
5233;"Vico Morcote";21
5236;"Collina d'Oro";21
5237;"Alto Malcantone";21
5238;"Monteceneri";21
5242;"Balerna";21
5249;"Castel San Pietro";21
5250;"Chiasso";21
5251;"Coldrerio";21
5254;"Mendrisio";21
5257;"Morbio Inferiore";21
5260;"Novazzano";21
5263;"Riva San Vitale";21
5266;"Stabio";21
5268;"Vacallo";21
5269;"Breggia";21
5281;"Biasca";21
5282;"Claro";21
5283;"Cresciano";21
5284;"Iragna";21
5285;"Lodrino";21
5286;"Osogna";21
5304;"Bosco/Gurin";21
5307;"Campo (Vallemaggia)";21
5309;"Cerentino";21
5310;"Cevio";21
5315;"Linescio";21
5317;"Maggia";21
5323;"Lavizzara";21
5324;"Avegno Gordevio";21
5396;"Terre di Pedemonte";21
5397;"Centovalli";21
5398;"Gambarogno";21
5401;"Aigle";22
5402;"Bex";22
5403;"Chessel";22
5404;"Corbeyrier";22
5405;"Gryon";22
5406;"Lavey-Morcles";22
5407;"Leysin";22
5408;"Noville";22
5409;"Ollon";22
5410;"Ormont-Dessous";22
5411;"Ormont-Dessus";22
5412;"Rennaz";22
5413;"Roche (VD)";22
5414;"Villeneuve (VD)";22
5415;"Yvorne";22
5421;"Apples";22
5422;"Aubonne";22
5423;"Ballens";22
5424;"Berolle";22
5425;"Bière";22
5426;"Bougy-Villars";22
5427;"Féchy";22
5428;"Gimel";22
5429;"Longirod";22
5430;"Marchissy";22
5431;"Mollens (VD)";22
5432;"Montherod";22
5434;"Saint-George";22
5435;"Saint-Livres";22
5436;"Saint-Oyens";22
5437;"Saubraz";22
5451;"Avenches";22
5456;"Cudrefin";22
5458;"Faoug";22
5464;"Vully-les-Lacs";22
5471;"Bettens";22
5472;"Bournens";22
5473;"Boussens";22
5474;"La Chaux (Cossonay)";22
5475;"Chavannes-le-Veyron";22
5476;"Chevilly";22
5477;"Cossonay";22
5478;"Cottens (VD)";22
5479;"Cuarnens";22
5480;"Daillens";22
5481;"Dizy";22
5482;"Eclépens";22
5483;"Ferreyres";22
5484;"Gollion";22
5485;"Grancy";22
5486;"L'Isle";22
5487;"Lussery-Villars";22
5488;"Mauraz";22
5489;"Mex (VD)";22
5490;"Moiry";22
5491;"Mont-la-Ville";22
5492;"Montricher";22
5493;"Orny";22
5494;"Pampigny";22
5495;"Penthalaz";22
5496;"Penthaz";22
5497;"Pompaples";22
5498;"La Sarraz";22
5499;"Senarclens";22
5500;"Sévery";22
5501;"Sullens";22
5503;"Vufflens-la-Ville";22
5511;"Assens";22
5512;"Bercher";22
5513;"Bioley-Orjulaz";22
5514;"Bottens";22
5515;"Bretigny-sur-Morrens";22
5516;"Cugy (VD)";22
5518;"Echallens";22
5520;"Essertines-sur-Yverdon";22
5521;"Etagnières";22
5522;"Fey";22
5523;"Froideville";22
5527;"Morrens (VD)";22
5529;"Oulens-sous-Echallens";22
5530;"Pailly";22
5531;"Penthéréaz";22
5533;"Poliez-Pittet";22
5534;"Rueyres";22
5535;"Saint-Barthélemy (VD)";22
5537;"Villars-le-Terroir";22
5539;"Vuarrens";22
5540;"Montilliez";22
5541;"Goumoëns";22
5551;"Bonvillars";22
5552;"Bullet";22
5553;"Champagne";22
5554;"Concise";22
5555;"Corcelles-près-Concise";22
5556;"Fiez";22
5557;"Fontaines-sur-Grandson";22
5559;"Giez";22
5560;"Grandevent";22
5561;"Grandson";22
5562;"Mauborget";22
5563;"Mutrux";22
5564;"Novalles";22
5565;"Onnens (VD)";22
5566;"Provence";22
5568;"Sainte-Croix";22
5571;"Tévenon";22
5581;"Belmont-sur-Lausanne";22
5582;"Cheseaux-sur-Lausanne";22
5583;"Crissier";22
5584;"Epalinges";22
5585;"Jouxtens-Mézery";22
5586;"Lausanne";22
5587;"Le Mont-sur-Lausanne";22
5588;"Paudex";22
5589;"Prilly";22
5590;"Pully";22
5591;"Renens (VD)";22
5592;"Romanel-sur-Lausanne";22
5601;"Chexbres";22
5604;"Forel (Lavaux)";22
5606;"Lutry";22
5607;"Puidoux";22
5609;"Rivaz";22
5610;"Saint-Saphorin (Lavaux)";22
5611;"Savigny";22
5613;"Bourg-en-Lavaux";22
5621;"Aclens";22
5622;"Bremblens";22
5623;"Buchillon";22
5624;"Bussigny-près-Lausanne";22
5625;"Bussy-Chardonney";22
5627;"Chavannes-près-Renens";22
5628;"Chigny";22
5629;"Clarmont";22
5631;"Denens";22
5632;"Denges";22
5633;"Echandens";22
5634;"Echichens";22
5635;"Ecublens (VD)";22
5636;"Etoy";22
5637;"Lavigny";22
5638;"Lonay";22
5639;"Lully (VD)";22
5640;"Lussy-sur-Morges";22
5642;"Morges";22
5643;"Préverenges";22
5644;"Reverolle";22
5645;"Romanel-sur-Morges";22
5646;"Saint-Prex";22
5648;"Saint-Sulpice (VD)";22
5649;"Tolochenaz";22
5650;"Vaux-sur-Morges";22
5651;"Villars-Sainte-Croix";22
5652;"Villars-sous-Yens";22
5653;"Vufflens-le-Château";22
5654;"Vullierens";22
5655;"Yens";22
5661;"Boulens";22
5662;"Brenles";22
5663;"Bussy-sur-Moudon";22
5665;"Chavannes-sur-Moudon";22
5666;"Chesalles-sur-Moudon";22
5668;"Cremin";22
5669;"Curtilles";22
5671;"Dompierre (VD)";22
5672;"Forel-sur-Lucens";22
5673;"Hermenches";22
5674;"Lovatens";22
5675;"Lucens";22
5678;"Moudon";22
5680;"Ogens";22
5683;"Prévonloup";22
5684;"Rossenges";22
5686;"Sarzens";22
5688;"Syens";22
5690;"Villars-le-Comte";22
5692;"Vucherens";22
5693;"Montanaire";22
5701;"Arnex-sur-Nyon";22
5702;"Arzier";22
5703;"Bassins";22
5704;"Begnins";22
5705;"Bogis-Bossey";22
5706;"Borex";22
5707;"Chavannes-de-Bogis";22
5708;"Chavannes-des-Bois";22
5709;"Chéserex";22
5710;"Coinsins";22
5711;"Commugny";22
5712;"Coppet";22
5713;"Crans-près-Céligny";22
5714;"Crassier";22
5715;"Duillier";22
5716;"Eysins";22
5717;"Founex";22
5718;"Genolier";22
5719;"Gingins";22
5720;"Givrins";22
5721;"Gland";22
5722;"Grens";22
5723;"Mies";22
5724;"Nyon";22
5725;"Prangins";22
5726;"La Rippe";22
5727;"Saint-Cergue";22
5728;"Signy-Avenex";22
5729;"Tannay";22
5730;"Trélex";22
5731;"Le Vaud";22
5732;"Vich";22
5741;"L'Abergement";22
5742;"Agiez";22
5743;"Arnex-sur-Orbe";22
5744;"Ballaigues";22
5745;"Baulmes";22
5746;"Bavois";22
5747;"Bofflens";22
5748;"Bretonnières";22
5749;"Chavornay";22
5750;"Les Clées";22
5751;"Corcelles-sur-Chavornay";22
5752;"Croy";22
5754;"Juriens";22
5755;"Lignerolle";22
5756;"Montcherand";22
5757;"Orbe";22
5758;"La Praz";22
5759;"Premier";22
5760;"Rances";22
5761;"Romainmôtier-Envy";22
5762;"Sergey";22
5763;"Valeyres-sous-Rances";22
5764;"Vallorbe";22
5765;"Vaulion";22
5766;"Vuiteboeuf";22
5782;"Carrouge (VD)";22
5785;"Corcelles-le-Jorat";22
5788;"Essertes";22
5789;"Ferlens (VD)";22
5790;"Maracon";22
5791;"Mézières (VD)";22
5792;"Montpreveyres";22
5798;"Ropraz";22
5799;"Servion";22
5803;"Vulliens";22
5804;"Jorat-Menthue";22
5805;"Oron";22
5812;"Champtauroz";22
5813;"Chevroux";22
5816;"Corcelles-près-Payerne";22
5817;"Grandcour";22
5819;"Henniez";22
5821;"Missy";22
5822;"Payerne";22
5827;"Trey";22
5828;"Treytorrens (Payerne)";22
5830;"Villarzel";22
5831;"Valbroye";22
5841;"Château-d'Oex";22
5842;"Rossinière";22
5843;"Rougemont";22
5851;"Allaman";22
5852;"Bursinel";22
5853;"Bursins";22
5854;"Burtigny";22
5855;"Dully";22
5856;"Essertines-sur-Rolle";22
5857;"Gilly";22
5858;"Luins";22
5859;"Mont-sur-Rolle";22
5860;"Perroy";22
5861;"Rolle";22
5862;"Tartegnin";22
5863;"Vinzel";22
5871;"L'Abbaye";22
5872;"Le Chenit";22
5873;"Le Lieu";22
5881;"Blonay";22
5882;"Chardonne";22
5883;"Corseaux";22
5884;"Corsier-sur-Vevey";22
5885;"Jongny";22
5886;"Montreux";22
5888;"Saint-Légier-La Chiésaz";22
5889;"La Tour-de-Peilz";22
5890;"Vevey";22
5891;"Veytaux";22
5902;"Belmont-sur-Yverdon";22
5903;"Bioley-Magnoux";22
5904;"Chamblon";22
5905;"Champvent";22
5907;"Chavannes-le-Chêne";22
5908;"Chêne-Pâquier";22
5909;"Cheseaux-Noréaz";22
5910;"Cronay";22
5911;"Cuarny";22
5912;"Démoret";22
5913;"Donneloye";22
5914;"Ependes (VD)";22
5915;"Essert-Pittet";22
5919;"Mathod";22
5921;"Molondin";22
5922;"Montagny-près-Yverdon";22
5923;"Oppens";22
5924;"Orges";22
5925;"Orzens";22
5926;"Pomy";22
5928;"Rovray";22
5929;"Suchy";22
5930;"Suscévaz";22
5931;"Treycovagnes";22
5932;"Ursins";22
5933;"Valeyres-sous-Montagny";22
5934;"Valeyres-sous-Ursins";22
5935;"Villars-Epeney";22
5937;"Vugelles-La Mothe";22
5938;"Yverdon-les-Bains";22
5939;"Yvonand";22
6002;"Brig-Glis";23
6004;"Eggerberg";23
6007;"Naters";23
6008;"Ried-Brig";23
6009;"Simplon";23
6010;"Termen";23
6011;"Zwischbergen";23
6021;"Ardon";23
6022;"Chamoson";23
6023;"Conthey";23
6024;"Nendaz";23
6025;"Vétroz";23
6031;"Bagnes";23
6032;"Bourg-Saint-Pierre";23
6033;"Liddes";23
6034;"Orsières";23
6035;"Sembrancher";23
6036;"Vollèges";23
6052;"Bellwald";23
6054;"Binn";23
6055;"Blitzingen";23
6056;"Ernen";23
6057;"Fiesch";23
6058;"Fieschertal";23
6061;"Lax";23
6064;"Niederwald";23
6073;"Grafschaft";23
6074;"Münster-Geschinen";23
6075;"Reckingen-Gluringen";23
6076;"Obergoms";23
6081;"Les Agettes";23
6082;"Ayent";23
6083;"Evolène";23
6084;"Hérémence";23
6087;"Saint-Martin (VS)";23
6089;"Vex";23
6090;"Mont-Noble";23
6101;"Agarn";23
6102;"Albinen";23
6104;"Ergisch";23
6109;"Inden";23
6110;"Leuk";23
6111;"Leukerbad";23
6112;"Oberems";23
6113;"Salgesch";23
6116;"Varen";23
6117;"Guttet-Feschel";23
6118;"Gampel-Bratsch";23
6119;"Turtmann-Unterems";23
6131;"Bovernier";23
6132;"Charrat";23
6133;"Fully";23
6134;"Isérables";23
6135;"Leytron";23
6136;"Martigny";23
6137;"Martigny-Combe";23
6139;"Riddes";23
6140;"Saillon";23
6141;"Saxon";23
6142;"Trient";23
6151;"Champéry";23
6152;"Collombey-Muraz";23
6153;"Monthey";23
6154;"Port-Valais";23
6155;"Saint-Gingolph";23
6156;"Troistorrents";23
6157;"Val-d'Illiez";23
6158;"Vionnaz";23
6159;"Vouvry";23
6171;"Betten";23
6172;"Bister";23
6173;"Bitsch";23
6177;"Grengiols";23
6178;"Martisberg";23
6181;"Riederalp";23
6191;"Ausserberg";23
6192;"Blatten";23
6193;"Bürchen";23
6194;"Eischoll";23
6195;"Ferden";23
6197;"Kippel";23
6198;"Niedergesteln";23
6199;"Raron";23
6201;"Unterbäch";23
6202;"Wiler (Lötschen)";23
6203;"Mörel-Filet";23
6204;"Steg-Hohtenn";23
6211;"Collonges";23
6212;"Dorénaz";23
6213;"Evionnaz";23
6214;"Finhaut";23
6215;"Massongex";23
6217;"Saint-Maurice";23
6218;"Salvan";23
6219;"Vernayaz";23
6220;"Vérossaz";23
6232;"Chalais";23
6234;"Chermignon";23
6235;"Chippis";23
6238;"Grône";23
6239;"Icogne";23
6240;"Lens";23
6241;"Miège";23
6242;"Mollens (VS)";23
6243;"Montana";23
6244;"Randogne";23
6246;"Saint-Léonard";23
6248;"Sierre";23
6249;"Venthône";23
6250;"Veyras";23
6252;"Anniviers";23
6261;"Arbaz";23
6263;"Grimisuat";23
6265;"Savièse";23
6266;"Sion";23
6267;"Veysonnaz";23
6281;"Baltschieder";23
6282;"Eisten";23
6283;"Embd";23
6285;"Grächen";23
6286;"Lalden";23
6287;"Randa";23
6288;"Saas-Almagell";23
6289;"Saas-Balen";23
6290;"Saas-Fee";23
6291;"Saas-Grund";23
6292;"St. Niklaus";23
6293;"Stalden (VS)";23
6294;"Staldenried";23
6295;"Täsch";23
6296;"Törbel";23
6297;"Visp";23
6298;"Visperterminen";23
6299;"Zeneggen";23
6300;"Zermatt";23
6402;"Bevaix";24
6404;"Boudry";24
6405;"Brot-Dessous";24
6407;"Corcelles-Cormondrèche";24
6408;"Cortaillod";24
6409;"Fresens";24
6410;"Gorgier";24
6411;"Montalchez";24
6412;"Peseux";24
6413;"Rochefort";24
6414;"Saint-Aubin-Sauges";24
6415;"Vaumarcus";24
6416;"Milvignes";24
6421;"La Chaux-de-Fonds";24
6422;"Les Planchettes";24
6423;"La Sagne";24
6431;"Les Brenets";24
6432;"La Brévine";24
6433;"Brot-Plamboz";24
6434;"Le Cerneux-Péquignot";24
6435;"La Chaux-du-Milieu";24
6436;"Le Locle";24
6437;"Les Ponts-de-Martel";24
6451;"Cornaux";24
6452;"Cressier (NE)";24
6453;"Enges";24
6454;"Hauterive (NE)";24
6455;"Le Landeron";24
6456;"Lignières";24
6458;"Neuchâtel";24
6459;"Saint-Blaise";24
6461;"La Tène";24
6485;"Valangin";24
6487;"Val-de-Ruz";24
6504;"La Côte-aux-Fées";24
6511;"Les Verrières";24
6512;"Val-de-Travers";24
6601;"Aire-la-Ville";25
6602;"Anières";25
6603;"Avully";25
6604;"Avusy";25
6605;"Bardonnex";25
6606;"Bellevue";25
6607;"Bernex";25
6608;"Carouge (GE)";25
6609;"Cartigny";25
6610;"Céligny";25
6611;"Chancy";25
6612;"Chêne-Bougeries";25
6613;"Chêne-Bourg";25
6614;"Choulex";25
6615;"Collex-Bossy";25
6616;"Collonge-Bellerive";25
6617;"Cologny";25
6618;"Confignon";25
6619;"Corsier (GE)";25
6620;"Dardagny";25
6621;"Genève";25
6622;"Genthod";25
6623;"Le Grand-Saconnex";25
6624;"Gy";25
6625;"Hermance";25
6626;"Jussy";25
6627;"Laconnex";25
6628;"Lancy";25
6629;"Meinier";25
6630;"Meyrin";25
6631;"Onex";25
6632;"Perly-Certoux";25
6633;"Plan-les-Ouates";25
6634;"Pregny-Chambésy";25
6635;"Presinge";25
6636;"Puplinge";25
6637;"Russin";25
6638;"Satigny";25
6639;"Soral";25
6640;"Thônex";25
6641;"Troinex";25
6642;"Vandoeuvres";25
6643;"Vernier";25
6644;"Versoix";25
6645;"Veyrier";25
6702;"Boécourt";26
6703;"Bourrignon";26
6704;"Châtillon (JU)";26
6705;"Corban";26
6706;"Courchapoix";26
6708;"Courrendlin";26
6709;"Courroux";26
6710;"Courtételle";26
6711;"Delémont";26
6712;"Develier";26
6713;"Ederswiler";26
6715;"Mervelier";26
6716;"Mettembert";26
6718;"Movelier";26
6719;"Pleigne";26
6720;"Rebeuvelier";26
6721;"Rossemaison";26
6722;"Saulcy";26
6724;"Soyhières";26
6728;"Vellerat";26
6729;"Haute-Sorne";26
6730;"Val Terbi";26
6741;"Le Bémont (JU)";26
6742;"Les Bois";26
6743;"Les Breuleux";26
6744;"La Chaux-des-Breuleux";26
6745;"Les Enfers";26
6748;"Les Genevez (JU)";26
6750;"Lajoux (JU)";26
6751;"Montfaucon";26
6753;"Muriaux";26
6754;"Le Noirmont";26
6757;"Saignelégier";26
6758;"Saint-Brais";26
6759;"Soubey";26
6771;"Alle";26
6773;"Beurnevésin";26
6774;"Boncourt";26
6775;"Bonfol";26
6778;"Bure";26
6781;"Coeuve";26
6782;"Cornol";26
6783;"Courchavon";26
6784;"Courgenay";26
6785;"Courtedoux";26
6787;"Damphreux";26
6789;"Fahy";26
6790;"Fontenais";26
6792;"Grandfontaine";26
6793;"Lugnez";26
6800;"Porrentruy";26
6803;"Rocourt";26
6806;"Vendlincourt";26
6807;"Basse-Allaine";26
6808;"Clos du Doubs";26
6809;"Haute-Ajoie";26
6810;"La Baroche";26
